post_id,description,challenge_id,challenge_title,hashtag_count
7434126174831267105,A video of Kamala Harris taking a voter phone call went viral after some social media users said she â€˜mistakenlyâ€™ showed her phone was open on the camera app.   But this has now been 'debunked' with some Trump supporters pointing out that you can in fact stay on a call while using the camera.  #harris #kamalaharris #uselection #phonecall,194782,harris,6
7434126174831267105,A video of Kamala Harris taking a voter phone call went viral after some social media users said she â€˜mistakenlyâ€™ showed her phone was open on the camera app.   But this has now been 'debunked' with some Trump supporters pointing out that you can in fact stay on a call while using the camera.  #harris #kamalaharris #uselection #phonecall,51333784,kamalaharris,12
7434126174831267105,A video of Kamala Harris taking a voter phone call went viral after some social media users said she â€˜mistakenlyâ€™ showed her phone was open on the camera app.   But this has now been 'debunked' with some Trump supporters pointing out that you can in fact stay on a call while using the camera.  #harris #kamalaharris #uselection #phonecall,15206346,uselection,1
7434126174831267105,A video of Kamala Harris taking a voter phone call went viral after some social media users said she â€˜mistakenlyâ€™ showed her phone was open on the camera app.   But this has now been 'debunked' with some Trump supporters pointing out that you can in fact stay on a call while using the camera.  #harris #kamalaharris #uselection #phonecall,61400,phonecall,1
7435029475638660394,"Kamala Harris received more than $1.2 billion in contributions. Her donors numbered in the millions, including many new to politics. But in the end, it didnâ€™t matter. ğŸ“·: Reuters, Getty Images, Zuma Press, Associated Press Reporters: Jack Gillum and Anthony DeBarros Producer: @jacob.ohara #election2024 #kamalaharris #campaignfinance #politics #wsj",1634355160419333,election2024,1
7435029475638660394,"Kamala Harris received more than $1.2 billion in contributions. Her donors numbered in the millions, including many new to politics. But in the end, it didnâ€™t matter. ğŸ“·: Reuters, Getty Images, Zuma Press, Associated Press Reporters: Jack Gillum and Anthony DeBarros Producer: @jacob.ohara #election2024 #kamalaharris #campaignfinance #politics #wsj",51333784,kamalaharris,12
7435029475638660394,"Kamala Harris received more than $1.2 billion in contributions. Her donors numbered in the millions, including many new to politics. But in the end, it didnâ€™t matter. ğŸ“·: Reuters, Getty Images, Zuma Press, Associated Press Reporters: Jack Gillum and Anthony DeBarros Producer: @jacob.ohara #election2024 #kamalaharris #campaignfinance #politics #wsj",1664284838677509,campaignfinance,1
7435029475638660394,"Kamala Harris received more than $1.2 billion in contributions. Her donors numbered in the millions, including many new to politics. But in the end, it didnâ€™t matter. ğŸ“·: Reuters, Getty Images, Zuma Press, Associated Press Reporters: Jack Gillum and Anthony DeBarros Producer: @jacob.ohara #election2024 #kamalaharris #campaignfinance #politics #wsj",58843,politics,2
7435029475638660394,"Kamala Harris received more than $1.2 billion in contributions. Her donors numbered in the millions, including many new to politics. But in the end, it didnâ€™t matter. ğŸ“·: Reuters, Getty Images, Zuma Press, Associated Press Reporters: Jack Gillum and Anthony DeBarros Producer: @jacob.ohara #election2024 #kamalaharris #campaignfinance #politics #wsj",5371061,wsj,1
7401849198678723845,#Fypp #harris #tkcpage #viral ,1616966643636229,fypp,1
7401849198678723845,#Fypp #harris #tkcpage #viral ,194782,harris,6
7401849198678723845,#Fypp #harris #tkcpage #viral ,7053099184823468037,tkcpage,1
7401849198678723845,#Fypp #harris #tkcpage #viral ,20884,viral,3
7434101718897446177,Sad day foe themâ€¦ #news #unitedstates #america #foryoupage #kamalaharris #trump2024 ,76414,news,1
7434101718897446177,Sad day foe themâ€¦ #news #unitedstates #america #foryoupage #kamalaharris #trump2024 ,100417,unitedstates,2
7434101718897446177,Sad day foe themâ€¦ #news #unitedstates #america #foryoupage #kamalaharris #trump2024 ,9841,america,1
7434101718897446177,Sad day foe themâ€¦ #news #unitedstates #america #foryoupage #kamalaharris #trump2024 ,88764338,foryoupage,4
7434101718897446177,Sad day foe themâ€¦ #news #unitedstates #america #foryoupage #kamalaharris #trump2024 ,51333784,kamalaharris,12
7434101718897446177,Sad day foe themâ€¦ #news #unitedstates #america #foryoupage #kamalaharris #trump2024 ,1618100425759749,trump2024,2
7433510783889329441,Kamala Harris Through The Years #kamalaharris #harris2024 #usa_tiktok #democrat #evolution #throughtheyears ,51333784,kamalaharris,12
7433510783889329441,Kamala Harris Through The Years #kamalaharris #harris2024 #usa_tiktok #democrat #evolution #throughtheyears ,1671145829180421,harris2024,3
7433510783889329441,Kamala Harris Through The Years #kamalaharris #harris2024 #usa_tiktok #democrat #evolution #throughtheyears ,1609647715964934,usa_tiktok,2
7433510783889329441,Kamala Harris Through The Years #kamalaharris #harris2024 #usa_tiktok #democrat #evolution #throughtheyears ,1634368,democrat,1
7433510783889329441,Kamala Harris Through The Years #kamalaharris #harris2024 #usa_tiktok #democrat #evolution #throughtheyears ,18002,evolution,1
7433510783889329441,Kamala Harris Through The Years #kamalaharris #harris2024 #usa_tiktok #democrat #evolution #throughtheyears ,548651,throughtheyears,1
7429546975558716677,"oh im so emo rn. kamala and barack, the power duo fr ğŸ¥¹ğŸ©· | #kamalaharris #barackobama #kamalaharrisedit #kamalaedit #harris2024 #fyp #fypã‚·ã‚š #xyzcba #atlantageorgia ",51333784,kamalaharris,12
7429546975558716677,"oh im so emo rn. kamala and barack, the power duo fr ğŸ¥¹ğŸ©· | #kamalaharris #barackobama #kamalaharrisedit #kamalaedit #harris2024 #fyp #fypã‚·ã‚š #xyzcba #atlantageorgia ",13547,barackobama,1
7429546975558716677,"oh im so emo rn. kamala and barack, the power duo fr ğŸ¥¹ğŸ©· | #kamalaharris #barackobama #kamalaharrisedit #kamalaedit #harris2024 #fyp #fypã‚·ã‚š #xyzcba #atlantageorgia ",1680924394233862,kamalaharrisedit,1
7429546975558716677,"oh im so emo rn. kamala and barack, the power duo fr ğŸ¥¹ğŸ©· | #kamalaharris #barackobama #kamalaharrisedit #kamalaedit #harris2024 #fyp #fypã‚·ã‚š #xyzcba #atlantageorgia ",1668212016400389,kamalaedit,1
7429546975558716677,"oh im so emo rn. kamala and barack, the power duo fr ğŸ¥¹ğŸ©· | #kamalaharris #barackobama #kamalaharrisedit #kamalaedit #harris2024 #fyp #fypã‚·ã‚š #xyzcba #atlantageorgia ",1671145829180421,harris2024,3
7429546975558716677,"oh im so emo rn. kamala and barack, the power duo fr ğŸ¥¹ğŸ©· | #kamalaharris #barackobama #kamalaharrisedit #kamalaedit #harris2024 #fyp #fypã‚·ã‚š #xyzcba #atlantageorgia ",229207,fyp,6
7429546975558716677,"oh im so emo rn. kamala and barack, the power duo fr ğŸ¥¹ğŸ©· | #kamalaharris #barackobama #kamalaharrisedit #kamalaedit #harris2024 #fyp #fypã‚·ã‚š #xyzcba #atlantageorgia ",1641236262278149,fypã‚·ã‚š,1
7429546975558716677,"oh im so emo rn. kamala and barack, the power duo fr ğŸ¥¹ğŸ©· | #kamalaharris #barackobama #kamalaharrisedit #kamalaedit #harris2024 #fyp #fypã‚·ã‚š #xyzcba #atlantageorgia ",1652823554560005,xyzcba,1
7429546975558716677,"oh im so emo rn. kamala and barack, the power duo fr ğŸ¥¹ğŸ©· | #kamalaharris #barackobama #kamalaharrisedit #kamalaedit #harris2024 #fyp #fypã‚·ã‚š #xyzcba #atlantageorgia ",4653423,atlantageorgia,1
7395061940164300078,#duet with @urbanmythslegends #kamalaharris #foryoupage #paratii #fyp #viral #tiktok #â¤ï¸â¤ï¸ ,30496,duet,1
7395061940164300078,#duet with @urbanmythslegends #kamalaharris #foryoupage #paratii #fyp #viral #tiktok #â¤ï¸â¤ï¸ ,51333784,kamalaharris,12
7395061940164300078,#duet with @urbanmythslegends #kamalaharris #foryoupage #paratii #fyp #viral #tiktok #â¤ï¸â¤ï¸ ,88764338,foryoupage,4
7395061940164300078,#duet with @urbanmythslegends #kamalaharris #foryoupage #paratii #fyp #viral #tiktok #â¤ï¸â¤ï¸ ,20717291,paratii,1
7395061940164300078,#duet with @urbanmythslegends #kamalaharris #foryoupage #paratii #fyp #viral #tiktok #â¤ï¸â¤ï¸ ,229207,fyp,6
7395061940164300078,#duet with @urbanmythslegends #kamalaharris #foryoupage #paratii #fyp #viral #tiktok #â¤ï¸â¤ï¸ ,20884,viral,3
7395061940164300078,#duet with @urbanmythslegends #kamalaharris #foryoupage #paratii #fyp #viral #tiktok #â¤ï¸â¤ï¸ ,23428,tiktok,2
7395061940164300078,#duet with @urbanmythslegends #kamalaharris #foryoupage #paratii #fyp #viral #tiktok #â¤ï¸â¤ï¸ ,1592198337367046,â¤ï¸â¤ï¸,1
7413091507512675590,Harrisâ€™s Daughter Vs. Trumpâ€™s Sonâ—ï¸ğŸ‘€ğŸ˜‚ #donaldtrump #kamalaharris #2024 ,28492,donaldtrump,1
7413091507512675590,Harrisâ€™s Daughter Vs. Trumpâ€™s Sonâ—ï¸ğŸ‘€ğŸ˜‚ #donaldtrump #kamalaharris #2024 ,51333784,kamalaharris,12
7413091507512675590,Harrisâ€™s Daughter Vs. Trumpâ€™s Sonâ—ï¸ğŸ‘€ğŸ˜‚ #donaldtrump #kamalaharris #2024 ,1595031303767046,2024,1
7323729957165763846,astagfirullah harrisğŸ˜­ğŸ‘ buka bajunya anygğŸ˜­ #harriscaine #vtuber #harris #vtuberindonesia #vtuberedit #nayach #AKAvirtual #sol4ce ,7131629465323700250,harriscaine,1
7323729957165763846,astagfirullah harrisğŸ˜­ğŸ‘ buka bajunya anygğŸ˜­ #harriscaine #vtuber #harris #vtuberindonesia #vtuberedit #nayach #AKAvirtual #sol4ce ,77362604,vtuber,1
7323729957165763846,astagfirullah harrisğŸ˜­ğŸ‘ buka bajunya anygğŸ˜­ #harriscaine #vtuber #harris #vtuberindonesia #vtuberedit #nayach #AKAvirtual #sol4ce ,194782,harris,6
7323729957165763846,astagfirullah harrisğŸ˜­ğŸ‘ buka bajunya anygğŸ˜­ #harriscaine #vtuber #harris #vtuberindonesia #vtuberedit #nayach #AKAvirtual #sol4ce ,1640770435917825,vtuberindonesia,1
7323729957165763846,astagfirullah harrisğŸ˜­ğŸ‘ buka bajunya anygğŸ˜­ #harriscaine #vtuber #harris #vtuberindonesia #vtuberedit #nayach #AKAvirtual #sol4ce ,1679045175088129,vtuberedit,1
7323729957165763846,astagfirullah harrisğŸ˜­ğŸ‘ buka bajunya anygğŸ˜­ #harriscaine #vtuber #harris #vtuberindonesia #vtuberedit #nayach #AKAvirtual #sol4ce ,39384225,nayach,1
7323729957165763846,astagfirullah harrisğŸ˜­ğŸ‘ buka bajunya anygğŸ˜­ #harriscaine #vtuber #harris #vtuberindonesia #vtuberedit #nayach #AKAvirtual #sol4ce ,1700724254926854,akavirtual,1
7323729957165763846,astagfirullah harrisğŸ˜­ğŸ‘ buka bajunya anygğŸ˜­ #harriscaine #vtuber #harris #vtuberindonesia #vtuberedit #nayach #AKAvirtual #sol4ce ,7229948537792888837,sol4ce,1
7413384929469304096,Debata w USA. Harris do Trumpa: OddaÅ‚byÅ› PolskÄ™ Putinowi za przysÅ‚ugÄ™ #polityka #usa #harris #trump2024 #stanyzjednoczone #polska #usa #putin #rosja #ukraina #nato #europa,31186448,polityka,1
7413384929469304096,Debata w USA. Harris do Trumpa: OddaÅ‚byÅ› PolskÄ™ Putinowi za przysÅ‚ugÄ™ #polityka #usa #harris #trump2024 #stanyzjednoczone #polska #usa #putin #rosja #ukraina #nato #europa,9843,usa,5
7413384929469304096,Debata w USA. Harris do Trumpa: OddaÅ‚byÅ› PolskÄ™ Putinowi za przysÅ‚ugÄ™ #polityka #usa #harris #trump2024 #stanyzjednoczone #polska #usa #putin #rosja #ukraina #nato #europa,194782,harris,6
7413384929469304096,Debata w USA. Harris do Trumpa: OddaÅ‚byÅ› PolskÄ™ Putinowi za przysÅ‚ugÄ™ #polityka #usa #harris #trump2024 #stanyzjednoczone #polska #usa #putin #rosja #ukraina #nato #europa,1618100425759749,trump2024,2
7413384929469304096,Debata w USA. Harris do Trumpa: OddaÅ‚byÅ› PolskÄ™ Putinowi za przysÅ‚ugÄ™ #polityka #usa #harris #trump2024 #stanyzjednoczone #polska #usa #putin #rosja #ukraina #nato #europa,48062473,stanyzjednoczone,1
7413384929469304096,Debata w USA. Harris do Trumpa: OddaÅ‚byÅ› PolskÄ™ Putinowi za przysÅ‚ugÄ™ #polityka #usa #harris #trump2024 #stanyzjednoczone #polska #usa #putin #rosja #ukraina #nato #europa,59505,polska,1
7413384929469304096,Debata w USA. Harris do Trumpa: OddaÅ‚byÅ› PolskÄ™ Putinowi za przysÅ‚ugÄ™ #polityka #usa #harris #trump2024 #stanyzjednoczone #polska #usa #putin #rosja #ukraina #nato #europa,868067,putin,1
7413384929469304096,Debata w USA. Harris do Trumpa: OddaÅ‚byÅ› PolskÄ™ Putinowi za przysÅ‚ugÄ™ #polityka #usa #harris #trump2024 #stanyzjednoczone #polska #usa #putin #rosja #ukraina #nato #europa,2514932,rosja,1
7413384929469304096,Debata w USA. Harris do Trumpa: OddaÅ‚byÅ› PolskÄ™ Putinowi za przysÅ‚ugÄ™ #polityka #usa #harris #trump2024 #stanyzjednoczone #polska #usa #putin #rosja #ukraina #nato #europa,5387946,ukraina,1
7413384929469304096,Debata w USA. Harris do Trumpa: OddaÅ‚byÅ› PolskÄ™ Putinowi za przysÅ‚ugÄ™ #polityka #usa #harris #trump2024 #stanyzjednoczone #polska #usa #putin #rosja #ukraina #nato #europa,139261,nato,1
7413384929469304096,Debata w USA. Harris do Trumpa: OddaÅ‚byÅ› PolskÄ™ Putinowi za przysÅ‚ugÄ™ #polityka #usa #harris #trump2024 #stanyzjednoczone #polska #usa #putin #rosja #ukraina #nato #europa,413258,europa,1
7397286904296787220,Kamala Harris cho ráº±ng Bitcoin lÃ  tiá»n dÃ nh cho bá»n tá»™i pháº¡m #bitcoin #crypto #cryptocurrency #kamalaharris #simpsonvietnam #trump ,25059719,bitcoin,1
7397286904296787220,Kamala Harris cho ráº±ng Bitcoin lÃ  tiá»n dÃ nh cho bá»n tá»™i pháº¡m #bitcoin #crypto #cryptocurrency #kamalaharris #simpsonvietnam #trump ,15269703,crypto,1
7397286904296787220,Kamala Harris cho ráº±ng Bitcoin lÃ  tiá»n dÃ nh cho bá»n tá»™i pháº¡m #bitcoin #crypto #cryptocurrency #kamalaharris #simpsonvietnam #trump ,77050226,cryptocurrency,1
7397286904296787220,Kamala Harris cho ráº±ng Bitcoin lÃ  tiá»n dÃ nh cho bá»n tá»™i pháº¡m #bitcoin #crypto #cryptocurrency #kamalaharris #simpsonvietnam #trump ,51333784,kamalaharris,12
7397286904296787220,Kamala Harris cho ráº±ng Bitcoin lÃ  tiá»n dÃ nh cho bá»n tá»™i pháº¡m #bitcoin #crypto #cryptocurrency #kamalaharris #simpsonvietnam #trump ,7372149744895787009,simpsonvietnam,1
7397286904296787220,Kamala Harris cho ráº±ng Bitcoin lÃ  tiá»n dÃ nh cho bá»n tá»™i pháº¡m #bitcoin #crypto #cryptocurrency #kamalaharris #simpsonvietnam #trump ,38970,trump,2
7394160903677054239,Kamala Harris is the happiest lady in the world right now #KamalaHarris #Harris #PresidentHarris #Harris2024 #CallHarris2024 ,51333784,kamalaharris,12
7394160903677054239,Kamala Harris is the happiest lady in the world right now #KamalaHarris #Harris #PresidentHarris #Harris2024 #CallHarris2024 ,194782,harris,6
7394160903677054239,Kamala Harris is the happiest lady in the world right now #KamalaHarris #Harris #PresidentHarris #Harris2024 #CallHarris2024 ,1676095544855557,presidentharris,1
7394160903677054239,Kamala Harris is the happiest lady in the world right now #KamalaHarris #Harris #PresidentHarris #Harris2024 #CallHarris2024 ,1671145829180421,harris2024,3
7394160903677054239,Kamala Harris is the happiest lady in the world right now #KamalaHarris #Harris #PresidentHarris #Harris2024 #CallHarris2024 ,7394160416962084895,callharris2024,1
7250635078185930030,â€œPride is Patriotism!â€ - VP Kamala Harris ğŸ³ï¸â€ğŸŒˆ #kamalaharris #vp #pride #foryourpride #ally,51333784,kamalaharris,12
7250635078185930030,â€œPride is Patriotism!â€ - VP Kamala Harris ğŸ³ï¸â€ğŸŒˆ #kamalaharris #vp #pride #foryourpride #ally,806687,vp,1
7250635078185930030,â€œPride is Patriotism!â€ - VP Kamala Harris ğŸ³ï¸â€ğŸŒˆ #kamalaharris #vp #pride #foryourpride #ally,22131,pride,1
7250635078185930030,â€œPride is Patriotism!â€ - VP Kamala Harris ğŸ³ï¸â€ğŸŒˆ #kamalaharris #vp #pride #foryourpride #ally,1637138684632070,foryourpride,1
7250635078185930030,â€œPride is Patriotism!â€ - VP Kamala Harris ğŸ³ï¸â€ğŸŒˆ #kamalaharris #vp #pride #foryourpride #ally,84648,ally,1
7420443099660324129,Kamala Harris opposite gender #kamalaharris #usa ,51333784,kamalaharris,12
7420443099660324129,Kamala Harris opposite gender #kamalaharris #usa ,9843,usa,5
7396645954448870699,"JD Vance highlighted his service with the United States Marines, including his time in Iraq, after Kamala Harris claimed heâ€™d be â€˜loyal only to Trump, not to our country.â€™ #republican #president #vicepresident #USA #politics #jdvance #vote2024 #trump ",5568065,republican,1
7396645954448870699,"JD Vance highlighted his service with the United States Marines, including his time in Iraq, after Kamala Harris claimed heâ€™d be â€˜loyal only to Trump, not to our country.â€™ #republican #president #vicepresident #USA #politics #jdvance #vote2024 #trump ",27915,president,1
7396645954448870699,"JD Vance highlighted his service with the United States Marines, including his time in Iraq, after Kamala Harris claimed heâ€™d be â€˜loyal only to Trump, not to our country.â€™ #republican #president #vicepresident #USA #politics #jdvance #vote2024 #trump ",1294597,vicepresident,2
7396645954448870699,"JD Vance highlighted his service with the United States Marines, including his time in Iraq, after Kamala Harris claimed heâ€™d be â€˜loyal only to Trump, not to our country.â€™ #republican #president #vicepresident #USA #politics #jdvance #vote2024 #trump ",9843,usa,5
7396645954448870699,"JD Vance highlighted his service with the United States Marines, including his time in Iraq, after Kamala Harris claimed heâ€™d be â€˜loyal only to Trump, not to our country.â€™ #republican #president #vicepresident #USA #politics #jdvance #vote2024 #trump ",58843,politics,2
7396645954448870699,"JD Vance highlighted his service with the United States Marines, including his time in Iraq, after Kamala Harris claimed heâ€™d be â€˜loyal only to Trump, not to our country.â€™ #republican #president #vicepresident #USA #politics #jdvance #vote2024 #trump ",1527725,jdvance,1
7396645954448870699,"JD Vance highlighted his service with the United States Marines, including his time in Iraq, after Kamala Harris claimed heâ€™d be â€˜loyal only to Trump, not to our country.â€™ #republican #president #vicepresident #USA #politics #jdvance #vote2024 #trump ",1671285126178822,vote2024,1
7396645954448870699,"JD Vance highlighted his service with the United States Marines, including his time in Iraq, after Kamala Harris claimed heâ€™d be â€˜loyal only to Trump, not to our country.â€™ #republican #president #vicepresident #USA #politics #jdvance #vote2024 #trump ",38970,trump,2
7378766522669468933,gws tante raja ğŸ˜˜ğŸ˜š #fyp #harris #raja #harrisraja ,229207,fyp,6
7378766522669468933,gws tante raja ğŸ˜˜ğŸ˜š #fyp #harris #raja #harrisraja ,194782,harris,6
7378766522669468933,gws tante raja ğŸ˜˜ğŸ˜š #fyp #harris #raja #harrisraja ,28213,raja,1
7378766522669468933,gws tante raja ğŸ˜˜ğŸ˜š #fyp #harris #raja #harrisraja ,1663599915085829,harrisraja,1
7395000982163213598,"About Kamala Harrisâ€™s children,where is she now?#foryou #fyp #usa #us #celebrities #kids #children ",42164,foryou,4
7395000982163213598,"About Kamala Harrisâ€™s children,where is she now?#foryou #fyp #usa #us #celebrities #kids #children ",229207,fyp,6
7395000982163213598,"About Kamala Harrisâ€™s children,where is she now?#foryou #fyp #usa #us #celebrities #kids #children ",9843,usa,5
7395000982163213598,"About Kamala Harrisâ€™s children,where is she now?#foryou #fyp #usa #us #celebrities #kids #children ",13262,us,1
7395000982163213598,"About Kamala Harrisâ€™s children,where is she now?#foryou #fyp #usa #us #celebrities #kids #children ",8035,celebrities,1
7395000982163213598,"About Kamala Harrisâ€™s children,where is she now?#foryou #fyp #usa #us #celebrities #kids #children ",5436,kids,1
7395000982163213598,"About Kamala Harrisâ€™s children,where is she now?#foryou #fyp #usa #us #celebrities #kids #children ",20619,children,1
7351598395288456454,Kamala Harris  Vice President of the United States #kamalaharris #vicepresident #usa #usa_tiktok #eeuu #unitedstates #estadosunidos #foryou @The Democrats @TikTok ,51333784,kamalaharris,12
7351598395288456454,Kamala Harris  Vice President of the United States #kamalaharris #vicepresident #usa #usa_tiktok #eeuu #unitedstates #estadosunidos #foryou @The Democrats @TikTok ,1294597,vicepresident,2
7351598395288456454,Kamala Harris  Vice President of the United States #kamalaharris #vicepresident #usa #usa_tiktok #eeuu #unitedstates #estadosunidos #foryou @The Democrats @TikTok ,9843,usa,5
7351598395288456454,Kamala Harris  Vice President of the United States #kamalaharris #vicepresident #usa #usa_tiktok #eeuu #unitedstates #estadosunidos #foryou @The Democrats @TikTok ,1609647715964934,usa_tiktok,2
7351598395288456454,Kamala Harris  Vice President of the United States #kamalaharris #vicepresident #usa #usa_tiktok #eeuu #unitedstates #estadosunidos #foryou @The Democrats @TikTok ,720172,eeuu,1
7351598395288456454,Kamala Harris  Vice President of the United States #kamalaharris #vicepresident #usa #usa_tiktok #eeuu #unitedstates #estadosunidos #foryou @The Democrats @TikTok ,100417,unitedstates,2
7351598395288456454,Kamala Harris  Vice President of the United States #kamalaharris #vicepresident #usa #usa_tiktok #eeuu #unitedstates #estadosunidos #foryou @The Democrats @TikTok ,9540481,estadosunidos,1
7351598395288456454,Kamala Harris  Vice President of the United States #kamalaharris #vicepresident #usa #usa_tiktok #eeuu #unitedstates #estadosunidos #foryou @The Democrats @TikTok ,42164,foryou,4
7170815238680464645,ğŸ˜º#fypã‚· #harrystyles #foryoupage #foryou #harries #harryfan #hshot #harrystyleshot #meow ,1637342470396934,fypã‚·,2
7170815238680464645,ğŸ˜º#fypã‚· #harrystyles #foryoupage #foryou #harries #harryfan #hshot #harrystyleshot #meow ,18591,harrystyles,2
7170815238680464645,ğŸ˜º#fypã‚· #harrystyles #foryoupage #foryou #harries #harryfan #hshot #harrystyleshot #meow ,88764338,foryoupage,4
7170815238680464645,ğŸ˜º#fypã‚· #harrystyles #foryoupage #foryou #harries #harryfan #hshot #harrystyleshot #meow ,42164,foryou,4
7170815238680464645,ğŸ˜º#fypã‚· #harrystyles #foryoupage #foryou #harries #harryfan #hshot #harrystyleshot #meow ,10710280,harries,1
7170815238680464645,ğŸ˜º#fypã‚· #harrystyles #foryoupage #foryou #harries #harryfan #hshot #harrystyleshot #meow ,563182,harryfan,1
7170815238680464645,ğŸ˜º#fypã‚· #harrystyles #foryoupage #foryou #harries #harryfan #hshot #harrystyleshot #meow ,26249585,hshot,1
7170815238680464645,ğŸ˜º#fypã‚· #harrystyles #foryoupage #foryou #harries #harryfan #hshot #harrystyleshot #meow ,1651291107721221,harrystyleshot,1
7170815238680464645,ğŸ˜º#fypã‚· #harrystyles #foryoupage #foryou #harries #harryfan #hshot #harrystyleshot #meow ,7122,meow,1
7123096521180056858,Keeping it halal ğŸ¤ªğŸ’‹ ##fypã‚·,1637342470396934,fypã‚·,2
7429032410471206177,For the Niall girlies #niallhoran #onedirection #betterthanwords #harrystyles #zaynmalik #louistomlinson #liampayne #1dtiktok #1direction #1d #fy #fyp #viralvideos ,7725,niallhoran,1
7429032410471206177,For the Niall girlies #niallhoran #onedirection #betterthanwords #harrystyles #zaynmalik #louistomlinson #liampayne #1dtiktok #1direction #1d #fy #fyp #viralvideos ,996,onedirection,1
7429032410471206177,For the Niall girlies #niallhoran #onedirection #betterthanwords #harrystyles #zaynmalik #louistomlinson #liampayne #1dtiktok #1direction #1d #fy #fyp #viralvideos ,94829,betterthanwords,1
7429032410471206177,For the Niall girlies #niallhoran #onedirection #betterthanwords #harrystyles #zaynmalik #louistomlinson #liampayne #1dtiktok #1direction #1d #fy #fyp #viralvideos ,18591,harrystyles,2
7429032410471206177,For the Niall girlies #niallhoran #onedirection #betterthanwords #harrystyles #zaynmalik #louistomlinson #liampayne #1dtiktok #1direction #1d #fy #fyp #viralvideos ,15558,zaynmalik,1
7429032410471206177,For the Niall girlies #niallhoran #onedirection #betterthanwords #harrystyles #zaynmalik #louistomlinson #liampayne #1dtiktok #1direction #1d #fy #fyp #viralvideos ,21703,louistomlinson,1
7429032410471206177,For the Niall girlies #niallhoran #onedirection #betterthanwords #harrystyles #zaynmalik #louistomlinson #liampayne #1dtiktok #1direction #1d #fy #fyp #viralvideos ,21288,liampayne,1
7429032410471206177,For the Niall girlies #niallhoran #onedirection #betterthanwords #harrystyles #zaynmalik #louistomlinson #liampayne #1dtiktok #1direction #1d #fy #fyp #viralvideos ,1646133480738822,1dtiktok,1
7429032410471206177,For the Niall girlies #niallhoran #onedirection #betterthanwords #harrystyles #zaynmalik #louistomlinson #liampayne #1dtiktok #1direction #1d #fy #fyp #viralvideos ,33307,1direction,1
7429032410471206177,For the Niall girlies #niallhoran #onedirection #betterthanwords #harrystyles #zaynmalik #louistomlinson #liampayne #1dtiktok #1direction #1d #fy #fyp #viralvideos ,7726,1d,1
7429032410471206177,For the Niall girlies #niallhoran #onedirection #betterthanwords #harrystyles #zaynmalik #louistomlinson #liampayne #1dtiktok #1direction #1d #fy #fyp #viralvideos ,153828,fy,1
7429032410471206177,For the Niall girlies #niallhoran #onedirection #betterthanwords #harrystyles #zaynmalik #louistomlinson #liampayne #1dtiktok #1direction #1d #fy #fyp #viralvideos ,229207,fyp,6
7429032410471206177,For the Niall girlies #niallhoran #onedirection #betterthanwords #harrystyles #zaynmalik #louistomlinson #liampayne #1dtiktok #1direction #1d #fy #fyp #viralvideos ,1549168,viralvideos,1
7360058471540084000,this took ages omlğŸ˜ªğŸ˜ª #xyzbca #foryou #harry #initials #names #real #viral #love #crush #bf #harryname #foryoupage #fyp #xoxo #fypage #viralvideo #tiktok #haha #lolz ,1652484531221509,xyzbca,1
7360058471540084000,this took ages omlğŸ˜ªğŸ˜ª #xyzbca #foryou #harry #initials #names #real #viral #love #crush #bf #harryname #foryoupage #fyp #xoxo #fypage #viralvideo #tiktok #haha #lolz ,42164,foryou,4
7360058471540084000,this took ages omlğŸ˜ªğŸ˜ª #xyzbca #foryou #harry #initials #names #real #viral #love #crush #bf #harryname #foryoupage #fyp #xoxo #fypage #viralvideo #tiktok #haha #lolz ,12562,harry,1
7360058471540084000,this took ages omlğŸ˜ªğŸ˜ª #xyzbca #foryou #harry #initials #names #real #viral #love #crush #bf #harryname #foryoupage #fyp #xoxo #fypage #viralvideo #tiktok #haha #lolz ,5578472,initials,1
7360058471540084000,this took ages omlğŸ˜ªğŸ˜ª #xyzbca #foryou #harry #initials #names #real #viral #love #crush #bf #harryname #foryoupage #fyp #xoxo #fypage #viralvideo #tiktok #haha #lolz ,133976,names,1
7360058471540084000,this took ages omlğŸ˜ªğŸ˜ª #xyzbca #foryou #harry #initials #names #real #viral #love #crush #bf #harryname #foryoupage #fyp #xoxo #fypage #viralvideo #tiktok #haha #lolz ,8514,real,1
7360058471540084000,this took ages omlğŸ˜ªğŸ˜ª #xyzbca #foryou #harry #initials #names #real #viral #love #crush #bf #harryname #foryoupage #fyp #xoxo #fypage #viralvideo #tiktok #haha #lolz ,20884,viral,3
7360058471540084000,this took ages omlğŸ˜ªğŸ˜ª #xyzbca #foryou #harry #initials #names #real #viral #love #crush #bf #harryname #foryoupage #fyp #xoxo #fypage #viralvideo #tiktok #haha #lolz ,4231,love,1
7360058471540084000,this took ages omlğŸ˜ªğŸ˜ª #xyzbca #foryou #harry #initials #names #real #viral #love #crush #bf #harryname #foryoupage #fyp #xoxo #fypage #viralvideo #tiktok #haha #lolz ,10178,crush,1
7360058471540084000,this took ages omlğŸ˜ªğŸ˜ª #xyzbca #foryou #harry #initials #names #real #viral #love #crush #bf #harryname #foryoupage #fyp #xoxo #fypage #viralvideo #tiktok #haha #lolz ,8975,bf,1
7360058471540084000,this took ages omlğŸ˜ªğŸ˜ª #xyzbca #foryou #harry #initials #names #real #viral #love #crush #bf #harryname #foryoupage #fyp #xoxo #fypage #viralvideo #tiktok #haha #lolz ,1683189225099266,harryname,1
7360058471540084000,this took ages omlğŸ˜ªğŸ˜ª #xyzbca #foryou #harry #initials #names #real #viral #love #crush #bf #harryname #foryoupage #fyp #xoxo #fypage #viralvideo #tiktok #haha #lolz ,88764338,foryoupage,4
7360058471540084000,this took ages omlğŸ˜ªğŸ˜ª #xyzbca #foryou #harry #initials #names #real #viral #love #crush #bf #harryname #foryoupage #fyp #xoxo #fypage #viralvideo #tiktok #haha #lolz ,229207,fyp,6
7360058471540084000,this took ages omlğŸ˜ªğŸ˜ª #xyzbca #foryou #harry #initials #names #real #viral #love #crush #bf #harryname #foryoupage #fyp #xoxo #fypage #viralvideo #tiktok #haha #lolz ,11631,xoxo,1
7360058471540084000,this took ages omlğŸ˜ªğŸ˜ª #xyzbca #foryou #harry #initials #names #real #viral #love #crush #bf #harryname #foryoupage #fyp #xoxo #fypage #viralvideo #tiktok #haha #lolz ,1604302285252613,fypage,1
7360058471540084000,this took ages omlğŸ˜ªğŸ˜ª #xyzbca #foryou #harry #initials #names #real #viral #love #crush #bf #harryname #foryoupage #fyp #xoxo #fypage #viralvideo #tiktok #haha #lolz ,85133,viralvideo,1
7360058471540084000,this took ages omlğŸ˜ªğŸ˜ª #xyzbca #foryou #harry #initials #names #real #viral #love #crush #bf #harryname #foryoupage #fyp #xoxo #fypage #viralvideo #tiktok #haha #lolz ,23428,tiktok,2
7360058471540084000,this took ages omlğŸ˜ªğŸ˜ª #xyzbca #foryou #harry #initials #names #real #viral #love #crush #bf #harryname #foryoupage #fyp #xoxo #fypage #viralvideo #tiktok #haha #lolz ,3952,haha,1
7360058471540084000,this took ages omlğŸ˜ªğŸ˜ª #xyzbca #foryou #harry #initials #names #real #viral #love #crush #bf #harryname #foryoupage #fyp #xoxo #fypage #viralvideo #tiktok #haha #lolz ,22513,lolz,1
